-- phpMyAdmin SQL Dump
-- version 5.2.1
-- https://www.phpmyadmin.net/
--
-- Host: 127.0.0.1
-- Waktu pembuatan: 25 Jun 2024 pada 03.38
-- Versi server: 10.4.28-MariaDB
-- Versi PHP: 8.2.4

SET SQL_MODE = "NO_AUTO_VALUE_ON_ZERO";
START TRANSACTION;
SET time_zone = "+00:00";


/*!40101 SET @OLD_CHARACTER_SET_CLIENT=@@CHARACTER_SET_CLIENT */;
/*!40101 SET @OLD_CHARACTER_SET_RESULTS=@@CHARACTER_SET_RESULTS */;
/*!40101 SET @OLD_COLLATION_CONNECTION=@@COLLATION_CONNECTION */;
/*!40101 SET NAMES utf8mb4 */;

--
-- Database: `project-spk`
--

-- --------------------------------------------------------

--
-- Struktur dari tabel `tab_alternatif`
--

CREATE TABLE `tab_alternatif` (
  `id_alternatif` varchar(10) NOT NULL,
  `nama_alternatif` varchar(50) NOT NULL
) ENGINE=InnoDB DEFAULT CHARSET=latin1 COLLATE=latin1_swedish_ci;

--
-- Dumping data untuk tabel `tab_alternatif`
--

INSERT INTO `tab_alternatif` (`id_alternatif`, `nama_alternatif`) VALUES
('1', 'A1'),
('10', 'A10'),
('11', 'A11'),
('12', 'A12'),
('13', 'A13'),
('14', 'A14'),
('15', 'A15'),
('16', 'A16'),
('17', 'A17'),
('18', 'A18'),
('19', 'A19'),
('2', 'A2'),
('20', 'A20'),
('21', 'A21'),
('22', 'A22'),
('23', 'A23'),
('24', 'A24'),
('25', 'A25'),
('26', 'A26'),
('27', 'A27'),
('28', 'A28'),
('29', 'A29'),
('3', 'A3'),
('30', 'A30'),
('31', 'A31'),
('32', 'A32'),
('33', 'A33'),
('34', 'A34'),
('35', 'A35'),
('36', 'A36'),
('37', 'A37'),
('38', 'A38'),
('39', 'A39'),
('4', 'A4'),
('40', 'A40'),
('41', 'A41'),
('42', 'A42'),
('43', 'A43'),
('44', 'A44'),
('45', 'A45'),
('46', 'A46'),
('47', 'A47'),
('48', 'A48'),
('49', 'A49'),
('5', 'A5'),
('50', 'A50'),
('6', 'A6'),
('7', 'A7'),
('8', 'A8'),
('9', 'A9');

-- --------------------------------------------------------

--
-- Struktur dari tabel `tab_kriteria`
--

CREATE TABLE `tab_kriteria` (
  `id_kriteria` varchar(10) NOT NULL,
  `nama_kriteria` varchar(50) NOT NULL,
  `bobot` float NOT NULL,
  `status` varchar(20) NOT NULL
) ENGINE=InnoDB DEFAULT CHARSET=latin1 COLLATE=latin1_swedish_ci;

--
-- Dumping data untuk tabel `tab_kriteria`
--

INSERT INTO `tab_kriteria` (`id_kriteria`, `nama_kriteria`, `bobot`, `status`) VALUES
('1', 'Pekerjaan', 5, 'Cost'),
('2', 'Luas Tanah', 3, 'Cost'),
('3', 'Jenis Lantai', 3, 'Cost'),
('4', 'Dinding', 4, 'Cost'),
('5', 'Sumber Air', 4, 'Cost'),
('6', 'Listrik', 2, 'Cost');

-- --------------------------------------------------------

--
-- Struktur dari tabel `tab_topsis`
--

CREATE TABLE `tab_topsis` (
  `id_alternatif` varchar(10) NOT NULL,
  `id_kriteria` varchar(10) NOT NULL,
  `nilai` float NOT NULL
) ENGINE=InnoDB DEFAULT CHARSET=latin1 COLLATE=latin1_swedish_ci;

--
-- Dumping data untuk tabel `tab_topsis`
--

INSERT INTO `tab_topsis` (`id_alternatif`, `id_kriteria`, `nilai`) VALUES
('1', '1', 1),
('1', '2', 1),
('1', '3', 2),
('1', '4', 1),
('1', '5', 2),
('1', '6', 2),
('10', '1', 1),
('10', '2', 1),
('10', '3', 2),
('10', '4', 1),
('10', '5', 2),
('10', '6', 2),
('11', '1', 1),
('11', '2', 1),
('11', '3', 1),
('11', '4', 1),
('11', '5', 2),
('11', '6', 2),
('12', '1', 1),
('12', '2', 1),
('12', '3', 1),
('12', '4', 1),
('12', '5', 2),
('12', '6', 2),
('13', '1', 3),
('13', '2', 1),
('13', '3', 1),
('13', '4', 1),
('13', '5', 2),
('13', '6', 2),
('14', '1', 1),
('14', '2', 1),
('14', '3', 1),
('14', '4', 1),
('14', '5', 1),
('14', '6', 2),
('15', '1', 1),
('15', '2', 1),
('15', '3', 1),
('15', '4', 1),
('15', '5', 1),
('15', '6', 2),
('16', '1', 1),
('16', '2', 1),
('16', '3', 1),
('16', '4', 1),
('16', '5', 1),
('16', '6', 2),
('17', '1', 1),
('17', '2', 1),
('17', '3', 1),
('17', '4', 1),
('17', '5', 1),
('17', '6', 2),
('18', '1', 1),
('18', '2', 1),
('18', '3', 2),
('18', '4', 1),
('18', '5', 2),
('18', '6', 2),
('19', '1', 1),
('19', '2', 1),
('19', '3', 2),
('19', '4', 1),
('19', '5', 2),
('19', '6', 2),
('2', '1', 2),
('2', '2', 1),
('2', '3', 2),
('2', '4', 1),
('2', '5', 2),
('2', '6', 2),
('20', '1', 1),
('20', '2', 1),
('20', '3', 2),
('20', '4', 1),
('20', '5', 2),
('20', '6', 2),
('21', '1', 2),
('21', '2', 1),
('21', '3', 2),
('21', '4', 1),
('21', '5', 2),
('21', '6', 2),
('22', '1', 1),
('22', '2', 1),
('22', '3', 1),
('22', '4', 1),
('22', '5', 3),
('22', '6', 2),
('23', '1', 1),
('23', '2', 1),
('23', '3', 1),
('23', '4', 1),
('23', '5', 3),
('23', '6', 2),
('24', '1', 3),
('24', '2', 1),
('24', '3', 1),
('24', '4', 1),
('24', '5', 3),
('24', '6', 2),
('25', '1', 2),
('25', '2', 1),
('25', '3', 1),
('25', '4', 1),
('25', '5', 3),
('25', '6', 2),
('26', '1', 1),
('26', '2', 1),
('26', '3', 1),
('26', '4', 1),
('26', '5', 2),
('26', '6', 2),
('27', '1', 1),
('27', '2', 1),
('27', '3', 1),
('27', '4', 1),
('27', '5', 2),
('27', '6', 2),
('28', '1', 1),
('28', '2', 1),
('28', '3', 1),
('28', '4', 1),
('28', '5', 2),
('28', '6', 2),
('29', '1', 1),
('29', '2', 1),
('29', '3', 1),
('29', '4', 1),
('29', '5', 2),
('29', '6', 2),
('3', '1', 1),
('3', '2', 1),
('3', '3', 2),
('3', '4', 1),
('3', '5', 2),
('3', '6', 2),
('30', '1', 1),
('30', '2', 1),
('30', '3', 1),
('30', '4', 1),
('30', '5', 2),
('30', '6', 2),
('31', '1', 1),
('31', '2', 1),
('31', '3', 1),
('31', '4', 1),
('31', '5', 2),
('31', '6', 2),
('32', '1', 1),
('32', '2', 1),
('32', '3', 1),
('32', '4', 1),
('32', '5', 2),
('32', '6', 2),
('33', '1', 1),
('33', '2', 1),
('33', '3', 1),
('33', '4', 1),
('33', '5', 2),
('33', '6', 2),
('34', '1', 1),
('34', '2', 1),
('34', '3', 1),
('34', '4', 1),
('34', '5', 2),
('34', '6', 2),
('35', '1', 4),
('35', '2', 1),
('35', '3', 1),
('35', '4', 1),
('35', '5', 2),
('35', '6', 2),
('36', '1', 1),
('36', '2', 1),
('36', '3', 1),
('36', '4', 1),
('36', '5', 2),
('36', '6', 2),
('37', '1', 1),
('37', '2', 1),
('37', '3', 1),
('37', '4', 1),
('37', '5', 2),
('37', '6', 2),
('38', '1', 1),
('38', '2', 1),
('38', '3', 1),
('38', '4', 1),
('38', '5', 2),
('38', '6', 2),
('39', '1', 2),
('39', '2', 1),
('39', '3', 1),
('39', '4', 1),
('39', '5', 2),
('39', '6', 2),
('4', '1', 1),
('4', '2', 1),
('4', '3', 1),
('4', '4', 2),
('4', '5', 1),
('4', '6', 2),
('40', '1', 1),
('40', '2', 1),
('40', '3', 2),
('40', '4', 1),
('40', '5', 2),
('40', '6', 2),
('41', '1', 1),
('41', '2', 1),
('41', '3', 1),
('41', '4', 1),
('41', '5', 2),
('41', '6', 2),
('42', '1', 1),
('42', '2', 1),
('42', '3', 1),
('42', '4', 1),
('42', '5', 2),
('42', '6', 2),
('43', '1', 2),
('43', '2', 1),
('43', '3', 1),
('43', '4', 1),
('43', '5', 2),
('43', '6', 2),
('44', '1', 2),
('44', '2', 1),
('44', '3', 1),
('44', '4', 1),
('44', '5', 2),
('44', '6', 2),
('45', '1', 1),
('45', '2', 1),
('45', '3', 1),
('45', '4', 1),
('45', '5', 2),
('45', '6', 2),
('46', '1', 1),
('46', '2', 1),
('46', '3', 1),
('46', '4', 1),
('46', '5', 2),
('46', '6', 2),
('47', '1', 2),
('47', '2', 1),
('47', '3', 1),
('47', '4', 1),
('47', '5', 2),
('47', '6', 2),
('48', '1', 2),
('48', '2', 1),
('48', '3', 1),
('48', '4', 1),
('48', '5', 2),
('48', '6', 2),
('49', '1', 2),
('49', '2', 1),
('49', '3', 1),
('49', '4', 1),
('49', '5', 2),
('49', '6', 2),
('5', '1', 1),
('5', '2', 1),
('5', '3', 1),
('5', '4', 2),
('5', '5', 1),
('5', '6', 2),
('50', '1', 2),
('50', '2', 1),
('50', '3', 1),
('50', '4', 1),
('50', '5', 2),
('50', '6', 2),
('6', '1', 1),
('6', '2', 1),
('6', '3', 1),
('6', '4', 2),
('6', '5', 1),
('6', '6', 2),
('7', '1', 1),
('7', '2', 1),
('7', '3', 2),
('7', '4', 1),
('7', '5', 2),
('7', '6', 2),
('8', '1', 2),
('8', '2', 1),
('8', '3', 2),
('8', '4', 1),
('8', '5', 2),
('8', '6', 2),
('9', '1', 2),
('9', '2', 1),
('9', '3', 2),
('9', '4', 1),
('9', '5', 2),
('9', '6', 2);

--
-- Indexes for dumped tables
--

--
-- Indeks untuk tabel `tab_alternatif`
--
ALTER TABLE `tab_alternatif`
  ADD PRIMARY KEY (`id_alternatif`);

--
-- Indeks untuk tabel `tab_kriteria`
--
ALTER TABLE `tab_kriteria`
  ADD PRIMARY KEY (`id_kriteria`);

--
-- Indeks untuk tabel `tab_topsis`
--
ALTER TABLE `tab_topsis`
  ADD PRIMARY KEY (`id_alternatif`,`id_kriteria`),
  ADD KEY `id_kriteria` (`id_kriteria`);

--
-- Ketidakleluasaan untuk tabel pelimpahan (Dumped Tables)
--

--
-- Ketidakleluasaan untuk tabel `tab_topsis`
--
ALTER TABLE `tab_topsis`
  ADD CONSTRAINT `tab_topsis_ibfk_1` FOREIGN KEY (`id_kriteria`) REFERENCES `tab_kriteria` (`id_kriteria`) ON DELETE CASCADE ON UPDATE CASCADE;
COMMIT;

/*!40101 SET CHARACTER_SET_CLIENT=@OLD_CHARACTER_SET_CLIENT */;
/*!40101 SET CHARACTER_SET_RESULTS=@OLD_CHARACTER_SET_RESULTS */;
/*!40101 SET COLLATION_CONNECTION=@OLD_COLLATION_CONNECTION */;
